"all_themes","organization_org_state","measure","amount","short_label"
"ncmrr","AL","Awards",4,"Rehabilitation"
"ncmrr","AL","Funding",2.825969,"Rehabilitation"
"ncmrr","AZ","Awards",5,"Rehabilitation"
"ncmrr","AZ","Funding",2.510463,"Rehabilitation"
"ncmrr","CA","Awards",29,"Rehabilitation"
"ncmrr","CA","Funding",14.739388,"Rehabilitation"
"ncmrr","CO","Awards",7,"Rehabilitation"
"ncmrr","CO","Funding",2.808053,"Rehabilitation"
"ncmrr","CT","Awards",3,"Rehabilitation"
"ncmrr","CT","Funding",0.975116,"Rehabilitation"
"ncmrr","DC","Awards",2,"Rehabilitation"
"ncmrr","DC","Funding",0.94923,"Rehabilitation"
"ncmrr","DE","Awards",5,"Rehabilitation"
"ncmrr","DE","Funding",1.096023,"Rehabilitation"
"ncmrr","FL","Awards",7,"Rehabilitation"
"ncmrr","FL","Funding",2.678903,"Rehabilitation"
"ncmrr","GA","Awards",12,"Rehabilitation"
"ncmrr","GA","Funding",5.084269,"Rehabilitation"
"ncmrr","IA","Awards",1,"Rehabilitation"
"ncmrr","IA","Funding",0.229318,"Rehabilitation"
"ncmrr","ID","Awards",1,"Rehabilitation"
"ncmrr","ID","Funding",0.573021,"Rehabilitation"
"ncmrr","IL","Awards",30,"Rehabilitation"
"ncmrr","IL","Funding",15.31379,"Rehabilitation"
"ncmrr","IN","Awards",2,"Rehabilitation"
"ncmrr","IN","Funding",0.773829,"Rehabilitation"
"ncmrr","KS","Awards",4,"Rehabilitation"
"ncmrr","KS","Funding",1.711142,"Rehabilitation"
"ncmrr","MA","Awards",18,"Rehabilitation"
"ncmrr","MA","Funding",8.13754,"Rehabilitation"
"ncmrr","MD","Awards",8,"Rehabilitation"
"ncmrr","MD","Funding",9.300963,"Rehabilitation"
"ncmrr","MI","Awards",15,"Rehabilitation"
"ncmrr","MI","Funding",5.165561,"Rehabilitation"
"ncmrr","MN","Awards",4,"Rehabilitation"
"ncmrr","MN","Funding",2.785234,"Rehabilitation"
"ncmrr","MO","Awards",12,"Rehabilitation"
"ncmrr","MO","Funding",4.820078,"Rehabilitation"
"ncmrr","NC","Awards",12,"Rehabilitation"
"ncmrr","NC","Funding",15.240103,"Rehabilitation"
"ncmrr","NE","Awards",3,"Rehabilitation"
"ncmrr","NE","Funding",1.771972,"Rehabilitation"
"ncmrr","NH","Awards",1,"Rehabilitation"
"ncmrr","NH","Funding",0.499037,"Rehabilitation"
"ncmrr","NJ","Awards",4,"Rehabilitation"
"ncmrr","NJ","Funding",1.377236,"Rehabilitation"
"ncmrr","NV","Awards",1,"Rehabilitation"
"ncmrr","NV","Funding",0.153602,"Rehabilitation"
"ncmrr","NY","Awards",9,"Rehabilitation"
"ncmrr","NY","Funding",3.225158,"Rehabilitation"
"ncmrr","OH","Awards",18,"Rehabilitation"
"ncmrr","OH","Funding",6.345864,"Rehabilitation"
"ncmrr","OR","Awards",3,"Rehabilitation"
"ncmrr","OR","Funding",1.249789,"Rehabilitation"
"ncmrr","PA","Awards",19,"Rehabilitation"
"ncmrr","PA","Funding",9.102568,"Rehabilitation"
"ncmrr","SC","Awards",8,"Rehabilitation"
"ncmrr","SC","Funding",5.155875,"Rehabilitation"
"ncmrr","TN","Awards",2,"Rehabilitation"
"ncmrr","TN","Funding",1.675932,"Rehabilitation"
"ncmrr","TX","Awards",9,"Rehabilitation"
"ncmrr","TX","Funding",3.056011,"Rehabilitation"
"ncmrr","UT","Awards",12,"Rehabilitation"
"ncmrr","UT","Funding",4.790593,"Rehabilitation"
"ncmrr","VA","Awards",7,"Rehabilitation"
"ncmrr","VA","Funding",3.395847,"Rehabilitation"
"ncmrr","WA","Awards",11,"Rehabilitation"
"ncmrr","WA","Funding",3.576219,"Rehabilitation"
"ncmrr","WI","Awards",10,"Rehabilitation"
"ncmrr","WI","Funding",4.47882,"Rehabilitation"
"theme1","AL","Awards",2,"Developmental Biology"
"theme1","AL","Funding",1.191964,"Developmental Biology"
"theme1","AR","Awards",2,"Developmental Biology"
"theme1","AR","Funding",0.90218,"Developmental Biology"
"theme1","AZ","Awards",3,"Developmental Biology"
"theme1","AZ","Funding",1.249223,"Developmental Biology"
"theme1","CA","Awards",69,"Developmental Biology"
"theme1","CA","Funding",29.982844,"Developmental Biology"
"theme1","CO","Awards",25,"Developmental Biology"
"theme1","CO","Funding",11.102221,"Developmental Biology"
"theme1","CT","Awards",22,"Developmental Biology"
"theme1","CT","Funding",10.194238,"Developmental Biology"
"theme1","DC","Awards",2,"Developmental Biology"
"theme1","DC","Funding",0.917866,"Developmental Biology"
"theme1","DE","Awards",1,"Developmental Biology"
"theme1","DE","Funding",0.58011,"Developmental Biology"
"theme1","FL","Awards",6,"Developmental Biology"
"theme1","FL","Funding",2.442964,"Developmental Biology"
"theme1","GA","Awards",18,"Developmental Biology"
"theme1","GA","Funding",6.567347,"Developmental Biology"
"theme1","HI","Awards",3,"Developmental Biology"
"theme1","HI","Funding",0.333,"Developmental Biology"
"theme1","IA","Awards",6,"Developmental Biology"
"theme1","IA","Funding",3.924984,"Developmental Biology"
"theme1","ID","Awards",1,"Developmental Biology"
"theme1","ID","Funding",0.415376,"Developmental Biology"
"theme1","IL","Awards",19,"Developmental Biology"
"theme1","IL","Funding",13.104731,"Developmental Biology"
"theme1","IN","Awards",8,"Developmental Biology"
"theme1","IN","Funding",4.247053,"Developmental Biology"
"theme1","KS","Awards",12,"Developmental Biology"
"theme1","KS","Funding",4.442252,"Developmental Biology"
"theme1","KY","Awards",6,"Developmental Biology"
"theme1","KY","Funding",2.345505,"Developmental Biology"
"theme1","LA","Awards",5,"Developmental Biology"
"theme1","LA","Funding",1.439009,"Developmental Biology"
"theme1","MA","Awards",70,"Developmental Biology"
"theme1","MA","Funding",44.430338,"Developmental Biology"
"theme1","MD","Awards",27,"Developmental Biology"
"theme1","MD","Funding",10.212718,"Developmental Biology"
"theme1","ME","Awards",10,"Developmental Biology"
"theme1","ME","Funding",5.962726,"Developmental Biology"
"theme1","MI","Awards",29,"Developmental Biology"
"theme1","MI","Funding",13.043626,"Developmental Biology"
"theme1","MN","Awards",8,"Developmental Biology"
"theme1","MN","Funding",2.968139,"Developmental Biology"
"theme1","MO","Awards",22,"Developmental Biology"
"theme1","MO","Funding",8.960414,"Developmental Biology"
"theme1","MS","Awards",2,"Developmental Biology"
"theme1","MS","Funding",0.627766,"Developmental Biology"
"theme1","NC","Awards",35,"Developmental Biology"
"theme1","NC","Funding",14.653838,"Developmental Biology"
"theme1","NE","Awards",2,"Developmental Biology"
"theme1","NE","Funding",0.742665,"Developmental Biology"
"theme1","NH","Awards",1,"Developmental Biology"
"theme1","NH","Funding",0.45025,"Developmental Biology"
"theme1","NJ","Awards",20,"Developmental Biology"
"theme1","NJ","Funding",8.200055,"Developmental Biology"
"theme1","NY","Awards",82,"Developmental Biology"
"theme1","NY","Funding",34.274765,"Developmental Biology"
"theme1","OH","Awards",19,"Developmental Biology"
"theme1","OH","Funding",7.11241,"Developmental Biology"
"theme1","OK","Awards",2,"Developmental Biology"
"theme1","OK","Funding",0.877104,"Developmental Biology"
"theme1","OR","Awards",11,"Developmental Biology"
"theme1","OR","Funding",3.867502,"Developmental Biology"
"theme1","PA","Awards",50,"Developmental Biology"
"theme1","PA","Funding",18.837364,"Developmental Biology"
"theme1","RI","Awards",2,"Developmental Biology"
"theme1","RI","Funding",0.045,"Developmental Biology"
"theme1","SC","Awards",1,"Developmental Biology"
"theme1","SC","Funding",0.470895,"Developmental Biology"
"theme1","TN","Awards",3,"Developmental Biology"
"theme1","TN","Funding",1.052026,"Developmental Biology"
"theme1","TX","Awards",61,"Developmental Biology"
"theme1","TX","Funding",29.016116,"Developmental Biology"
"theme1","UT","Awards",10,"Developmental Biology"
"theme1","UT","Funding",3.644676,"Developmental Biology"
"theme1","VA","Awards",18,"Developmental Biology"
"theme1","VA","Funding",6.539824,"Developmental Biology"
"theme1","VT","Awards",1,"Developmental Biology"
"theme1","VT","Funding",0.440918,"Developmental Biology"
"theme1","WA","Awards",17,"Developmental Biology"
"theme1","WA","Funding",7.356823,"Developmental Biology"
"theme1","WI","Awards",17,"Developmental Biology"
"theme1","WI","Funding",6.789314,"Developmental Biology"
"theme1","WY","Awards",2,"Developmental Biology"
"theme1","WY","Funding",0.7225,"Developmental Biology"
"theme1","ZZ","Awards",6,"Developmental Biology"
"theme1","ZZ","Funding",0.947711,"Developmental Biology"
"theme2","AL","Awards",3,"Reproductive Health"
"theme2","AL","Funding",0.629203,"Reproductive Health"
"theme2","AR","Awards",1,"Reproductive Health"
"theme2","AR","Funding",0.443348,"Reproductive Health"
"theme2","AZ","Awards",7,"Reproductive Health"
"theme2","AZ","Funding",3.193801,"Reproductive Health"
"theme2","CA","Awards",86,"Reproductive Health"
"theme2","CA","Funding",45.330229,"Reproductive Health"
"theme2","CO","Awards",27,"Reproductive Health"
"theme2","CO","Funding",12.093135,"Reproductive Health"
"theme2","CT","Awards",30,"Reproductive Health"
"theme2","CT","Funding",12.181276,"Reproductive Health"
"theme2","DC","Awards",3,"Reproductive Health"
"theme2","DC","Funding",0.586108,"Reproductive Health"
"theme2","DE","Awards",2,"Reproductive Health"
"theme2","DE","Funding",0.76612,"Reproductive Health"
"theme2","FL","Awards",8,"Reproductive Health"
"theme2","FL","Funding",13.615954,"Reproductive Health"
"theme2","GA","Awards",16,"Reproductive Health"
"theme2","GA","Funding",6.88427,"Reproductive Health"
"theme2","HI","Awards",2,"Reproductive Health"
"theme2","HI","Funding",0.492105,"Reproductive Health"
"theme2","IA","Awards",1,"Reproductive Health"
"theme2","IA","Funding",0.650521,"Reproductive Health"
"theme2","IL","Awards",31,"Reproductive Health"
"theme2","IL","Funding",16.398889,"Reproductive Health"
"theme2","IN","Awards",8,"Reproductive Health"
"theme2","IN","Funding",2.818178,"Reproductive Health"
"theme2","KS","Awards",12,"Reproductive Health"
"theme2","KS","Funding",4.282273,"Reproductive Health"
"theme2","KY","Awards",5,"Reproductive Health"
"theme2","KY","Funding",1.969063,"Reproductive Health"
"theme2","MA","Awards",68,"Reproductive Health"
"theme2","MA","Funding",53.577752,"Reproductive Health"
"theme2","MD","Awards",23,"Reproductive Health"
"theme2","MD","Funding",7.848443,"Reproductive Health"
"theme2","ME","Awards",2,"Reproductive Health"
"theme2","ME","Funding",1.138449,"Reproductive Health"
"theme2","MI","Awards",55,"Reproductive Health"
"theme2","MI","Funding",29.111383,"Reproductive Health"
"theme2","MN","Awards",26,"Reproductive Health"
"theme2","MN","Funding",10.522913,"Reproductive Health"
"theme2","MO","Awards",30,"Reproductive Health"
"theme2","MO","Funding",11.040732,"Reproductive Health"
"theme2","MS","Awards",2,"Reproductive Health"
"theme2","MS","Funding",0.363797,"Reproductive Health"
"theme2","NC","Awards",30,"Reproductive Health"
"theme2","NC","Funding",16.189279,"Reproductive Health"
"theme2","NE","Awards",1,"Reproductive Health"
"theme2","NE","Funding",0.239086,"Reproductive Health"
"theme2","NH","Awards",2,"Reproductive Health"
"theme2","NH","Funding",1.446007,"Reproductive Health"
"theme2","NJ","Awards",10,"Reproductive Health"
"theme2","NJ","Funding",5.804821,"Reproductive Health"
"theme2","NM","Awards",1,"Reproductive Health"
"theme2","NM","Funding",0.543878,"Reproductive Health"
"theme2","NV","Awards",1,"Reproductive Health"
"theme2","NV","Funding",0.59972,"Reproductive Health"
"theme2","NY","Awards",43,"Reproductive Health"
"theme2","NY","Funding",19.690367,"Reproductive Health"
"theme2","OH","Awards",17,"Reproductive Health"
"theme2","OH","Funding",8.567271,"Reproductive Health"
"theme2","OK","Awards",3,"Reproductive Health"
"theme2","OK","Funding",0.99045,"Reproductive Health"
"theme2","OR","Awards",24,"Reproductive Health"
"theme2","OR","Funding",11.042925,"Reproductive Health"
"theme2","PA","Awards",46,"Reproductive Health"
"theme2","PA","Funding",20.183345,"Reproductive Health"
"theme2","RI","Awards",6,"Reproductive Health"
"theme2","RI","Funding",1.693125,"Reproductive Health"
"theme2","SC","Awards",2,"Reproductive Health"
"theme2","SC","Funding",0.850853,"Reproductive Health"
"theme2","TN","Awards",4,"Reproductive Health"
"theme2","TN","Funding",1.639576,"Reproductive Health"
"theme2","TX","Awards",53,"Reproductive Health"
"theme2","TX","Funding",24.293874,"Reproductive Health"
"theme2","UT","Awards",14,"Reproductive Health"
"theme2","UT","Funding",6.046943,"Reproductive Health"
"theme2","VA","Awards",8,"Reproductive Health"
"theme2","VA","Funding",3.392372,"Reproductive Health"
"theme2","VT","Awards",3,"Reproductive Health"
"theme2","VT","Funding",0.886921,"Reproductive Health"
"theme2","WA","Awards",22,"Reproductive Health"
"theme2","WA","Funding",12.985782,"Reproductive Health"
"theme2","WI","Awards",19,"Reproductive Health"
"theme2","WI","Funding",5.513181,"Reproductive Health"
"theme2","WY","Awards",2,"Reproductive Health"
"theme2","WY","Funding",0.7225,"Reproductive Health"
"theme2","ZZ","Awards",1,"Reproductive Health"
"theme2","ZZ","Funding",0.362371,"Reproductive Health"
"theme3","AL","Awards",10,"Pregnancy"
"theme3","AL","Funding",4.541661,"Pregnancy"
"theme3","AR","Awards",4,"Pregnancy"
"theme3","AR","Funding",2.700848,"Pregnancy"
"theme3","AZ","Awards",9,"Pregnancy"
"theme3","AZ","Funding",4.129701,"Pregnancy"
"theme3","CA","Awards",126,"Pregnancy"
"theme3","CA","Funding",55.082848,"Pregnancy"
"theme3","CO","Awards",30,"Pregnancy"
"theme3","CO","Funding",14.726124,"Pregnancy"
"theme3","CT","Awards",20,"Pregnancy"
"theme3","CT","Funding",9.535299,"Pregnancy"
"theme3","DC","Awards",12,"Pregnancy"
"theme3","DC","Funding",18.036241,"Pregnancy"
"theme3","DE","Awards",1,"Pregnancy"
"theme3","DE","Funding",0.337817,"Pregnancy"
"theme3","FL","Awards",10,"Pregnancy"
"theme3","FL","Funding",3.329981,"Pregnancy"
"theme3","GA","Awards",19,"Pregnancy"
"theme3","GA","Funding",9.783358,"Pregnancy"
"theme3","HI","Awards",1,"Pregnancy"
"theme3","HI","Funding",0.1565,"Pregnancy"
"theme3","IA","Awards",4,"Pregnancy"
"theme3","IA","Funding",2.273497,"Pregnancy"
"theme3","ID","Awards",1,"Pregnancy"
"theme3","ID","Funding",0.239399,"Pregnancy"
"theme3","IL","Awards",23,"Pregnancy"
"theme3","IL","Funding",17.632869,"Pregnancy"
"theme3","IN","Awards",13,"Pregnancy"
"theme3","IN","Funding",10.325537,"Pregnancy"
"theme3","KS","Awards",11,"Pregnancy"
"theme3","KS","Funding",4.357435,"Pregnancy"
"theme3","KY","Awards",1,"Pregnancy"
"theme3","KY","Funding",0.603611,"Pregnancy"
"theme3","LA","Awards",5,"Pregnancy"
"theme3","LA","Funding",5.475969,"Pregnancy"
"theme3","MA","Awards",98,"Pregnancy"
"theme3","MA","Funding",63.381869,"Pregnancy"
"theme3","MB","Awards",1,"Pregnancy"
"theme3","MB","Funding",0.584243,"Pregnancy"
"theme3","MD","Awards",43,"Pregnancy"
"theme3","MD","Funding",21.571064,"Pregnancy"
"theme3","MI","Awards",31,"Pregnancy"
"theme3","MI","Funding",13.821908,"Pregnancy"
"theme3","MN","Awards",21,"Pregnancy"
"theme3","MN","Funding",9.431898,"Pregnancy"
"theme3","MO","Awards",29,"Pregnancy"
"theme3","MO","Funding",12.321882,"Pregnancy"
"theme3","MS","Awards",1,"Pregnancy"
"theme3","MS","Funding",0.07678,"Pregnancy"
"theme3","NC","Awards",38,"Pregnancy"
"theme3","NC","Funding",19.914926,"Pregnancy"
"theme3","NE","Awards",2,"Pregnancy"
"theme3","NE","Funding",0.98943,"Pregnancy"
"theme3","NH","Awards",2,"Pregnancy"
"theme3","NH","Funding",1.042042,"Pregnancy"
"theme3","NJ","Awards",16,"Pregnancy"
"theme3","NJ","Funding",13.049381,"Pregnancy"
"theme3","NV","Awards",3,"Pregnancy"
"theme3","NV","Funding",0.997096,"Pregnancy"
"theme3","NY","Awards",63,"Pregnancy"
"theme3","NY","Funding",31.928899,"Pregnancy"
"theme3","OH","Awards",16,"Pregnancy"
"theme3","OH","Funding",7.004615,"Pregnancy"
"theme3","OK","Awards",4,"Pregnancy"
"theme3","OK","Funding",3.551552,"Pregnancy"
"theme3","ON","Awards",1,"Pregnancy"
"theme3","ON","Funding",0.477421,"Pregnancy"
"theme3","OR","Awards",24,"Pregnancy"
"theme3","OR","Funding",15.88377,"Pregnancy"
"theme3","PA","Awards",56,"Pregnancy"
"theme3","PA","Funding",33.047429,"Pregnancy"
"theme3","RI","Awards",12,"Pregnancy"
"theme3","RI","Funding",5.448954,"Pregnancy"
"theme3","SC","Awards",8,"Pregnancy"
"theme3","SC","Funding",2.938117,"Pregnancy"
"theme3","SD","Awards",1,"Pregnancy"
"theme3","SD","Funding",2.078909,"Pregnancy"
"theme3","TN","Awards",6,"Pregnancy"
"theme3","TN","Funding",1.952019,"Pregnancy"
"theme3","TX","Awards",52,"Pregnancy"
"theme3","TX","Funding",19.621171,"Pregnancy"
"theme3","UT","Awards",11,"Pregnancy"
"theme3","UT","Funding",6.67689,"Pregnancy"
"theme3","VA","Awards",7,"Pregnancy"
"theme3","VA","Funding",3.8278,"Pregnancy"
"theme3","VT","Awards",3,"Pregnancy"
"theme3","VT","Funding",0.841559,"Pregnancy"
"theme3","WA","Awards",35,"Pregnancy"
"theme3","WA","Funding",18.534019,"Pregnancy"
"theme3","WI","Awards",14,"Pregnancy"
"theme3","WI","Funding",6.621066,"Pregnancy"
"theme3","WV","Awards",1,"Pregnancy"
"theme3","WV","Funding",0.456,"Pregnancy"
"theme3","ZZ","Awards",4,"Pregnancy"
"theme3","ZZ","Funding",1.904397,"Pregnancy"
"theme4","AL","Awards",16,"Pediatrics"
"theme4","AL","Funding",7.635748,"Pediatrics"
"theme4","AR","Awards",3,"Pediatrics"
"theme4","AR","Funding",0.763587,"Pediatrics"
"theme4","AZ","Awards",17,"Pediatrics"
"theme4","AZ","Funding",7.817021,"Pediatrics"
"theme4","CA","Awards",203,"Pediatrics"
"theme4","CA","Funding",89.492024,"Pediatrics"
"theme4","CO","Awards",43,"Pediatrics"
"theme4","CO","Funding",23.409442,"Pediatrics"
"theme4","CT","Awards",34,"Pediatrics"
"theme4","CT","Funding",11.48227,"Pediatrics"
"theme4","DC","Awards",21,"Pediatrics"
"theme4","DC","Funding",10.742051,"Pediatrics"
"theme4","DE","Awards",1,"Pediatrics"
"theme4","DE","Funding",0.477263,"Pediatrics"
"theme4","FL","Awards",22,"Pediatrics"
"theme4","FL","Funding",21.722607,"Pediatrics"
"theme4","GA","Awards",33,"Pediatrics"
"theme4","GA","Funding",14.690078,"Pediatrics"
"theme4","HI","Awards",1,"Pediatrics"
"theme4","HI","Funding",0.623728,"Pediatrics"
"theme4","IA","Awards",13,"Pediatrics"
"theme4","IA","Funding",6.537835,"Pediatrics"
"theme4","ID","Awards",2,"Pediatrics"
"theme4","ID","Funding",0.81242,"Pediatrics"
"theme4","IL","Awards",54,"Pediatrics"
"theme4","IL","Funding",23.881009,"Pediatrics"
"theme4","IN","Awards",27,"Pediatrics"
"theme4","IN","Funding",14.794347,"Pediatrics"
"theme4","KS","Awards",11,"Pediatrics"
"theme4","KS","Funding",5.334114,"Pediatrics"
"theme4","KY","Awards",4,"Pediatrics"
"theme4","KY","Funding",1.55025,"Pediatrics"
"theme4","LA","Awards",9,"Pediatrics"
"theme4","LA","Funding",3.050317,"Pediatrics"
"theme4","MA","Awards",147,"Pediatrics"
"theme4","MA","Funding",93.729654,"Pediatrics"
"theme4","MB","Awards",1,"Pediatrics"
"theme4","MB","Funding",0.584243,"Pediatrics"
"theme4","MD","Awards",79,"Pediatrics"
"theme4","MD","Funding",45.691771,"Pediatrics"
"theme4","ME","Awards",2,"Pediatrics"
"theme4","ME","Funding",0.751739,"Pediatrics"
"theme4","MI","Awards",70,"Pediatrics"
"theme4","MI","Funding",32.502649,"Pediatrics"
"theme4","MN","Awards",34,"Pediatrics"
"theme4","MN","Funding",19.245267,"Pediatrics"
"theme4","MO","Awards",40,"Pediatrics"
"theme4","MO","Funding",18.614629,"Pediatrics"
"theme4","MS","Awards",1,"Pediatrics"
"theme4","MS","Funding",0.296955,"Pediatrics"
"theme4","MT","Awards",1,"Pediatrics"
"theme4","MT","Funding",0.727781,"Pediatrics"
"theme4","NC","Awards",102,"Pediatrics"
"theme4","NC","Funding",46.951895,"Pediatrics"
"theme4","ND","Awards",1,"Pediatrics"
"theme4","ND","Funding",0.434929,"Pediatrics"
"theme4","NE","Awards",7,"Pediatrics"
"theme4","NE","Funding",3.716144,"Pediatrics"
"theme4","NH","Awards",2,"Pediatrics"
"theme4","NH","Funding",0.703158,"Pediatrics"
"theme4","NJ","Awards",22,"Pediatrics"
"theme4","NJ","Funding",13.109022,"Pediatrics"
"theme4","NM","Awards",2,"Pediatrics"
"theme4","NM","Funding",0.543491,"Pediatrics"
"theme4","NV","Awards",3,"Pediatrics"
"theme4","NV","Funding",0.966948,"Pediatrics"
"theme4","NY","Awards",116,"Pediatrics"
"theme4","NY","Funding",61.011923,"Pediatrics"
"theme4","OH","Awards",76,"Pediatrics"
"theme4","OH","Funding",39.930947,"Pediatrics"
"theme4","OK","Awards",5,"Pediatrics"
"theme4","OK","Funding",2.249661,"Pediatrics"
"theme4","ON","Awards",2,"Pediatrics"
"theme4","ON","Funding",1.040904,"Pediatrics"
"theme4","OR","Awards",18,"Pediatrics"
"theme4","OR","Funding",11.342092,"Pediatrics"
"theme4","PA","Awards",113,"Pediatrics"
"theme4","PA","Funding",64.091723,"Pediatrics"
"theme4","RI","Awards",22,"Pediatrics"
"theme4","RI","Funding",8.304658,"Pediatrics"
"theme4","SC","Awards",29,"Pediatrics"
"theme4","SC","Funding",11.196674,"Pediatrics"
"theme4","TN","Awards",24,"Pediatrics"
"theme4","TN","Funding",11.580596,"Pediatrics"
"theme4","TX","Awards",67,"Pediatrics"
"theme4","TX","Funding",30.944822,"Pediatrics"
"theme4","UT","Awards",15,"Pediatrics"
"theme4","UT","Funding",9.244955,"Pediatrics"
"theme4","VA","Awards",21,"Pediatrics"
"theme4","VA","Funding",10.056977,"Pediatrics"
"theme4","VT","Awards",2,"Pediatrics"
"theme4","VT","Funding",0.668407,"Pediatrics"
"theme4","WA","Awards",74,"Pediatrics"
"theme4","WA","Funding",45.589556,"Pediatrics"
"theme4","WI","Awards",33,"Pediatrics"
"theme4","WI","Funding",15.113394,"Pediatrics"
"theme4","WV","Awards",1,"Pediatrics"
"theme4","WV","Funding",0.15984,"Pediatrics"
"theme4","ZZ","Awards",23,"Pediatrics"
"theme4","ZZ","Funding",7.896205,"Pediatrics"
"theme5","AL","Awards",9,"Pharmacology"
"theme5","AL","Funding",6.952352,"Pharmacology"
"theme5","AR","Awards",3,"Pharmacology"
"theme5","AR","Funding",1.169864,"Pharmacology"
"theme5","AZ","Awards",2,"Pharmacology"
"theme5","AZ","Funding",1.799232,"Pharmacology"
"theme5","CA","Awards",39,"Pharmacology"
"theme5","CA","Funding",24.525559,"Pharmacology"
"theme5","CO","Awards",6,"Pharmacology"
"theme5","CO","Funding",3.023757,"Pharmacology"
"theme5","CT","Awards",7,"Pharmacology"
"theme5","CT","Funding",3.389824,"Pharmacology"
"theme5","DC","Awards",5,"Pharmacology"
"theme5","DC","Funding",9.216026,"Pharmacology"
"theme5","FL","Awards",4,"Pharmacology"
"theme5","FL","Funding",2.372814,"Pharmacology"
"theme5","GA","Awards",1,"Pharmacology"
"theme5","GA","Funding",0.567763,"Pharmacology"
"theme5","IL","Awards",3,"Pharmacology"
"theme5","IL","Funding",5.53992,"Pharmacology"
"theme5","IN","Awards",5,"Pharmacology"
"theme5","IN","Funding",7.810001,"Pharmacology"
"theme5","KS","Awards",2,"Pharmacology"
"theme5","KS","Funding",0.779117,"Pharmacology"
"theme5","KY","Awards",1,"Pharmacology"
"theme5","KY","Funding",0.221268,"Pharmacology"
"theme5","LA","Awards",4,"Pharmacology"
"theme5","LA","Funding",5.356119,"Pharmacology"
"theme5","MA","Awards",26,"Pharmacology"
"theme5","MA","Funding",20.411197,"Pharmacology"
"theme5","MD","Awards",17,"Pharmacology"
"theme5","MD","Funding",10.425162,"Pharmacology"
"theme5","MI","Awards",7,"Pharmacology"
"theme5","MI","Funding",3.493934,"Pharmacology"
"theme5","MN","Awards",8,"Pharmacology"
"theme5","MN","Funding",4.302189,"Pharmacology"
"theme5","MO","Awards",13,"Pharmacology"
"theme5","MO","Funding",8.018217,"Pharmacology"
"theme5","MT","Awards",1,"Pharmacology"
"theme5","MT","Funding",0.727781,"Pharmacology"
"theme5","NC","Awards",21,"Pharmacology"
"theme5","NC","Funding",10.828952,"Pharmacology"
"theme5","NE","Awards",3,"Pharmacology"
"theme5","NE","Funding",1.493009,"Pharmacology"
"theme5","NJ","Awards",8,"Pharmacology"
"theme5","NJ","Funding",6.840049,"Pharmacology"
"theme5","NM","Awards",1,"Pharmacology"
"theme5","NM","Funding",0.222694,"Pharmacology"
"theme5","NV","Awards",1,"Pharmacology"
"theme5","NV","Funding",0.18375,"Pharmacology"
"theme5","NY","Awards",16,"Pharmacology"
"theme5","NY","Funding",16.264434,"Pharmacology"
"theme5","OH","Awards",16,"Pharmacology"
"theme5","OH","Funding",7.619533,"Pharmacology"
"theme5","OK","Awards",1,"Pharmacology"
"theme5","OK","Funding",0.64153,"Pharmacology"
"theme5","OR","Awards",10,"Pharmacology"
"theme5","OR","Funding",5.997199,"Pharmacology"
"theme5","PA","Awards",18,"Pharmacology"
"theme5","PA","Funding",11.278905,"Pharmacology"
"theme5","SC","Awards",1,"Pharmacology"
"theme5","SC","Funding",0.309251,"Pharmacology"
"theme5","TN","Awards",3,"Pharmacology"
"theme5","TN","Funding",1.972799,"Pharmacology"
"theme5","TX","Awards",18,"Pharmacology"
"theme5","TX","Funding",9.454959,"Pharmacology"
"theme5","UT","Awards",6,"Pharmacology"
"theme5","UT","Funding",1.405452,"Pharmacology"
"theme5","VA","Awards",3,"Pharmacology"
"theme5","VA","Funding",1.184173,"Pharmacology"
"theme5","WA","Awards",21,"Pharmacology"
"theme5","WA","Funding",12.926096,"Pharmacology"
"theme5","WI","Awards",2,"Pharmacology"
"theme5","WI","Funding",0.823521,"Pharmacology"
"theme5","ZZ","Awards",3,"Pharmacology"
"theme5","ZZ","Funding",1.78384,"Pharmacology"
"unclassified","CA","Awards",2,"Unclassified"
"unclassified","CA","Funding",0.559676,"Unclassified"
"unclassified","MD","Awards",2,"Unclassified"
"unclassified","MD","Funding",1.586591,"Unclassified"
"unclassified","MI","Awards",1,"Unclassified"
"unclassified","MI","Funding",0.150217,"Unclassified"
"unclassified","WI","Awards",1,"Unclassified"
"unclassified","WI","Funding",1.872482,"Unclassified"
